issue_type;total_id;hour_avarage
Bug;298;31.130637583892607
Story;359;29.803426183844007
Task;343;32.70518950437318
