assignee_name;total_id;hour_avarage
Adyna;193;40.95854922279793
Francinne;211;47.26066350710901
Gionni Lucio;212;47.00471698113208
Guilherme Francisco;193;44.362694300518136
Matheus Malta;187;42.224598930481285
