assignee_name;total_id;hour_avarage
Adyna;193;29.514300518134707
Francinne;212;32.28193396226417
Gionni Lucio;213;33.21906103286385
Guilherme Francisco;194;31.6007731958763
Matheus Malta;188;28.978723404255298
