issue_type;total_id;hour_avarage
Bug;298;45.218120805369125
Story;358;42.45530726256983
Task;342;45.66081871345029
